Title,Company,Link,label,Content,platform,Content_1,Content_2,Content_0
LINE Ads - Data Scientist 채용,라인플러스,https://www.catch.co.kr/NCS/RecruitInfoDetails/374510,빅데이터/AI," LINE Ads - Data Scientist 채용
■모집부문
모집부문 자격요건
LINE Ads - Data Scientist
담당업무
광고 및 LY 전사 데이터를 활용하여 광고의 전략적 방향성과 인사이트 도출
광고주, 유저 모두 만족할 수 있는 광고 서비스 제공을 위한 데이터 분석, 로직 개발, 분석 플랫폼 구현
광고 이벤트 데이터를 활용한 인사이트 도출, 데이터 기반의 의사 소통, ad-hoc 리포팅

자격요건
2년 이상의 데이터 분석 및 개발 실무 경력이 있으신 분
SQL, R, Python 을 모두 사용하여 통계 분석 및 예측 모델링이 가능하신 분
데이터 전처리, 데이터 분석, 로직 구현 및 개발/운영/유지 보수에 능숙하신 분
비즈니스 이해를 통해 데이터 기반으로 논리적 추론과 해석, 분석 항목을 도출하여 리포팅이 가능하신 분
적극적으로 문제 해결력이 있고, 데이터에 대해 꼼꼼하고 집요하게 파고 들며 커뮤니케이션에 불편함이
없으신 분
해외 출장 및 근무에 결격 사유 없으신 분

우대사항
통계학 전공 또는 이에 준하는 경력을 보유하신 분
분산 시스템에 대한 높은 이해도를 가지신 분
Agile 업무에 능숙하신 분 (빠른 실행, 데이터 기반 의사 결정)
온라인/모바일 광고 산업에 대한 이해 및 경험을 보유하신 분
영어나 일본어로 업무 진행이 가능하신 분
■전형방법
서류전형
테스트 전형
(과제 테스트 +
코딩테스트)

1차면접
2차면접
레퍼런스 체크 및
처우 협의
최종 합격

- 테스트 전형은 과제 테스트와 코딩 테스트로 구성되어 있으며, 동시 진행됩니다. 
- 전형은 상황 및 일정에 따라 변경될 수 있습니다.
- 포트폴리오 또는 경력기술서 제출은 필수입니다.
■접수기간 및 방법
접수기간 : 채용 시 마감
접수방법 : 홈페이지 지원
■근무제도
근무형태 (LINE Hybrid Work 2.0)
100% 리모트 근무부터 주 N일 리모트 근무까지 유연하게 혼합하여 근무 할 수 있는 LINE Hybrid Work 2.0 제도를 적용합니다.
이에 따라 입사 시 배치 조직의 업무 성격, 프로젝트 주기 및 글로벌 협업 정도 등을 고려하여 자율적으로 설정한 근무형태를 적용받게 |
되며 업무와 성과를 책임 있게 자율 관리 할 수 있는 곳이라면 국내 지역뿐 아니라, 해외 지역에서의 리모트 근무도 가능합니다.
※ 상세한 내용은 <링크>를 참고하여 주시기 바랍니다. 

근무지
LINE Hybrid Work 2.0에 따라 근무 가능한 장소에서 근무
(※ 오프라인 협업을 위한 오피스는 분당 서현역 분당스퀘어에 있습니다.)

근무시간 
매월 Working Day에 따라 정해지는 기준근무시간 내에서 개인이 자유롭게 일/주별 근무하는 LINE Smart 근무제를 적용합니다.
또한, 해당 기준근무시간을 초과하여 근무할 경우 별도의 연장근무수당을 지급합니다.
■기타
본 공고는 수시 모집으로 채용 완료 시 조기 마감될 수 있습니다.
전형 일정 및 결과는 지원서에 등록하신 이메일로 개별 안내드립니다.
입사지원 시 작성하신 정보 및 금번 채용과 관련하여 제출하신 서류에 사실과 다른 내용이 있을 경우 채용 불합격의 사유가
될 수 있습니다.
본 채용공고를 통해 입사하시는 경우, 3개월의 수습 기간을 적용합니다.
기타 채용 관련 문의사항은 채용 공고 페이지 상단 'FAQs' 탭을 참고하여 문의 부탁드립니다.",catch,"자격요건
LINE Ads - Data Scientist
담당업무
광고 및 LY 전사 데이터를 활용하여 광고의 전략적 방향성과 인사이트 도출
광고주, 유저 모두 만족할 수 있는 광고 서비스 제공을 위한 데이터 분석, 로직 개발, 분석 플랫폼 구현
광고 이벤트 데이터를 활용한 인사이트 도출, 데이터 기반의 의사 소통, ad-hoc 리포팅

자격요건
2년 이상의 데이터 분석 및 개발 실무 경력이 있으신 분
SQL, R, Python 을 모두 사용하여 통계 분석 및 예측 모델링이 가능하신 분
데이터 전처리, 데이터 분석, 로직 구현 및 개발/운영/유지 보수에 능숙하신 분
비즈니스 이해를 통해 데이터 기반으로 논리적 추론과 해석, 분석 항목을 도출하여 리포팅이 가능하신 분
적극적으로 문제 해결력이 있고, 데이터에 대해 꼼꼼하고 집요하게 파고 들며 커뮤니케이션에 불편함이
없으신 분
해외 출장 및 근무에 결격 사유 없으신 분","우대사항
통계학 전공 또는 이에 준하는 경력을 보유하신 분
분산 시스템에 대한 높은 이해도를 가지신 분
Agile 업무에 능숙하신 분 (빠른 실행, 데이터 기반 의사 결정)
온라인/모바일 광고 산업에 대한 이해 및 경험을 보유하신 분
영어나 일본어로 업무 진행이 가능하신 분","Python, R"
Data Analyst 채용,카카오엔터테인먼트,https://www.catch.co.kr/NCS/RecruitInfoDetails/381854,빅데이터/AIDBA/데이터베이스,"Data Analyst 채용
■팀 소개
카카오엔터테인먼트의 다양한 데이터를 수집하고 처리하여 데이터로부터 비즈니스적인 가치를 찾아내는데 기여하고 있습니다. 
마케팅/서비스 전략에 대해 비즈니스 인사이트를 제공하고 있고, 서비스 전반에 걸친 데이터를 활용하여  컨텐츠 오퍼링,
사용자 세그멘테이션, 개인화 통계등 서비스에 필요한 데이터를 직접 개발하고 운영하고 있습니다. 
■모집부문

모집부문 상세내용
Data Analyst
업무내용
콘텐츠 및 서비스 실적의 측정과 평가를 위한 로그 설계를 포함한 각종 지표 설정
객관적 데이터 분석에 기반한 협업부서의 문제 해결 및 의사결정을 위한 분석
경영진 및 협업부서의 의사결정을 위한 비지니스 인사이드 도출 및 시각화 리포팅
지원자격
SQL 등 빅데이터 추출&분석 경험이 5년 이상인 분
숫자를 바탕으로 현상에 대한 원인을 논리적으로 추론하고 결과를 체계적으로
정리하실 수 있는 분
분석 결과를 효과적으로 전달할 수 있는 커뮤니케이션 역량을 갖춘 분
고객 세분화 및 구매/이탈 원인 분석, 실무 운영 경험이 있는 분
데이터 품질/활용도 향상에 대한 고민과 현황 개선을 위해 끊임없이 강구하는
자세를 보유한 분
우대사항
콘텐츠 플랫폼, IP 비즈니스, 문화 콘텐츠 분야에서 데이터 분석 경험이 있는 분
의사결정권자에게 정기적으로 분석 리포트를 작성해본 경험이 있는 분
통계 모델링/수리 모델링 기반 분석 프로젝트 경험이 있는 분
Trino, Presto, Hive, Spark 등 빅데이터 분석 플랫폼 사용 경험이 있는 분
관련분야 재직 이력 또는 학위(전산, 통계, 머신러닝, 수학, 알고리즘 등) 소유는 분
Tableau 등을 이용한 비즈니스 인텔리전스 리포팅, 대시보드 제작 혹은 운영 경험이 있는 분
공통요건
병역 필 또는 면제자로 해외여행에 결격 사유가 없는 분
그 외 제출서류에서 결격 사유가 없는 분
■전형방법
서류전형
(포트폴리오
필수 제출)
사전과제
1차/2차
인터뷰
처우협의
건강검진
최종합격

※ 1차 인터뷰 전후에 인성검사 및 레퍼런스 체크가 진행될 수 있으니 참고 부탁 드립니다.
※ 최종합격 안내 후, 제출하신 서류에서 결격 사유가 없는 분에 한해 영입
■접수기간 및 방법
접수기간 : ~ 채용시마감
접수방법 : 본사 홈페이지 지원
■참고사항
이력서에 연봉, 주민등록번호 등 민감한 개인 정보가 포함되지 않도록 확인을 부탁 드립니다.
장애인 및 보훈 대상자는 관련 법령에 따라 우대합니다.
지원자격이 충족되지 않거나, 지원서 내용이 허위로 판명될 경우 영입이 취소될 수 있습니다.
그 외 제출하신 서류에서 결격 사유가 확인되는 경우, 영입이 취소될 수 있습니다. 
문의 사항은 FAQ를 확인하시거나 recruit_ent@kakaoent.com으로 문의해 주세요.",catch,"지원자격
SQL 등 빅데이터 추출&분석 경험이 5년 이상인 분
숫자를 바탕으로 현상에 대한 원인을 논리적으로 추론하고 결과를 체계적으로
정리하실 수 있는 분
분석 결과를 효과적으로 전달할 수 있는 커뮤니케이션 역량을 갖춘 분
고객 세분화 및 구매/이탈 원인 분석, 실무 운영 경험이 있는 분
데이터 품질/활용도 향상에 대한 고민과 현황 개선을 위해 끊임없이 강구하는
자세를 보유한 분","우대사항
콘텐츠 플랫폼, IP 비즈니스, 문화 콘텐츠 분야에서 데이터 분석 경험이 있는 분
의사결정권자에게 정기적으로 분석 리포트를 작성해본 경험이 있는 분
통계 모델링/수리 모델링 기반 분석 프로젝트 경험이 있는 분
Trino, Presto, Hive, Spark 등 빅데이터 분석 플랫폼 사용 경험이 있는 분
관련분야 재직 이력 또는 학위(전산, 통계, 머신러닝, 수학, 알고리즘 등) 소유는 분
Tableau 등을 이용한 비즈니스 인텔리전스 리포팅, 대시보드 제작 혹은 운영 경험이 있는 분
공통요건
병역 필 또는 면제자로 해외여행에 결격 사유가 없는 분
그 외 제출서류에서 결격 사유가 없는 분",R
여신 Anti-Fraud 담당자 채용,카카오뱅크,https://www.catch.co.kr/NCS/RecruitInfoDetails/382154,빅데이터/AIDBA/데이터베이스,"여신 Anti-Fraud 담당자 채용
■모집부문
모집부문 상세내용
여신 Anti-Fraud
담당자
담당할 업무
· 대출 실행 건 상세 리뷰 및 모니터링을 통한 Fraud 의심 건 탐지 및 연계조사
· Fraud 패턴 분석을 기반으로 예방 정책 수립 및 운영
· 신규 출시 상품 및 서비스에 대한 Fraud 리스크 분석
· 새로운 유형의 대출 Fraud 탐지를 위한 시장 모니터링

필수 경험과 역량
· Anti-Fraud 업무 경력 3년 이상인 분
· SAS, SQL, Python 등의 툴을 활용한 데이터 추출 및 분석이 가능한 분
· 대출 상품에 대한 이해가 높은 분
· 유관부서 및 구성원들과의 원활한 커뮤니케이션이 가능한 분

우대사항
· Fraud 예방 룰 개발과 사기 방지 전략 수립을 경험한 분
· 금융데이터 분석(리스크/CRM/상품) 업무 경력을 보유한 분
· 업무 경험을 통해 비대면 대출 프로세스에 대한 이해가 높은 분

[공통 우대 사항]
· 국가유공자 및 장애인 등 취업보호대상자는 관계법령에 따라 우대합니다.
  (입사지원 시 증빙서류를 첨부하는 경우에 해당하며, 
   증빙서류는 포트폴리오 란에 첨부해주시길 바랍니다.)
■근무 관련 정보
근무형태 : 정규직
영입인원 : ○명 
근무부서 : 신용리스크정책팀
근무지 : 카카오뱅크 판교오피스 (경기도 성남시 분당구 분당내곡로 131)
■전형방법
서류전형
1차 실무진
면접전형
2차 실무진
면접전형
3차 경영진
면접전형
연봉 및
처우 협의
최종합격
※ 각 전형 결과 및 면접 일정은 홈페이지 및 메일을 통해 개별적으로 안내드리고 있습니다.
※ 분석 툴 사용 가능자에 한해 1차 면접 시 간단한 쿼리 테스트 예정입니다.
※ 1차 실무진 면접 대상자는 1차 면접 전 컬처핏 프로파일 검사를 진행합니다.
    - 컬처핏 프로파일은 면접 시 컬처핏에 대한 질문을 효과적으로 드리기 위한 서베이 형태의 검사입니다.
    - 컬처핏 프로파일에는 정답이 없으며 결과에 따라 별도의 합격/불합격이 결정되지 않습니다.  
■접수기간 및 방법
접수기간 : 2024년 2월 29일 목요일 (오후 11시 59분까지)(채용시 마감)
접수방법 : 본사 홈페이지 지원
■지원 관련 정보
서류전형 결과 발표일 : 2024년 3월 15일 금요일 이내
※ 입사지원서 제출일의 익월 중순까지 서류전형 결과를 안내드리고 있습니다.
   ※ 공고에 게시된 서류전형 결과 발표일보다 전형결과 안내가 늦어질 경우 개별적으로 연락드릴 예정입니다.

모집기간 : 영입 완료 시 마감
※ 영입 완료 시 조기에 마감될 수 있는 수시채용으로 진행 중입니다.
※ 영입이 완료될 경우 해당월 말일로 설정된 공고마감일이 도래하지 않더라도 일찍 마감될 수 있습니다. 
■유의사항
입사지원서에 기재된 내용은 증빙자료 제출을 통해 확인하고 있습니다. 
기재된 내용이 사실과 다를 경우 입사가 취소될 수 있음을 유의하여 주시길 바랍니다. 
부정한 채용청탁을 한 사실이 밝혀질 경우 입사가 취소될 수 있음을 유의하여 주시길 바랍니다. 
카카오뱅크 내규에 따라 채용금지자에 해당하는 분은 입사가 어려움을 유의하여 주시길 바랍니다.
문의사항 : recruit@kakaobank.com ",catch,"필수 경험과 역량
· Anti-Fraud 업무 경력 3년 이상인 분
· SAS, SQL, Python 등의 툴을 활용한 데이터 추출 및 분석이 가능한 분
· 대출 상품에 대한 이해가 높은 분
· 유관부서 및 구성원들과의 원활한 커뮤니케이션이 가능한 분","우대사항
· Fraud 예방 룰 개발과 사기 방지 전략 수립을 경험한 분
· 금융데이터 분석(리스크/CRM/상품) 업무 경력을 보유한 분
· 업무 경험을 통해 비대면 대출 프로세스에 대한 이해가 높은 분

[공통 우대 사항]
· 국가유공자 및 장애인 등 취업보호대상자는 관계법령에 따라 우대합니다.
  (입사지원 시 증빙서류를 첨부하는 경우에 해당하며, 
   증빙서류는 포트폴리오 란에 첨부해주시길 바랍니다.)","Python, R"
"비전, 언어 모델링 연구/개발 인턴십 (체험형) 채용",네이버클라우드,https://www.catch.co.kr/NCS/RecruitInfoDetails/386636,빅데이터/AI," 비전, 언어 모델링 연구/개발
인턴십 (체험형) 채용
■모집부문
모집부문 모집내용
비전, 언어 모델링 연구/개발

(체험형 인턴)

[부서소개]
본 부서는 Computer Vision, Language Modeling 그리고 Vision-Language 도메인 내에서
효율적이면서도 강력한 Backbone을 설계하는 방법과 이를 효과적으로 학습 시키는 기법을
연구하는 팀입니다.

[업무 역할]
- 강인한 (robust) 모델 학습 기법 연구
1) pre-training 기법 연구
2) fine-tuning 기법 연구
- 효과적이고 스케일 업이 가능한 (high-efficient and high-scalable) 모델 설계 기법 연구

[지원자격 및 우대사항]
- Computer Vision (CV), Macheine Learning (ML), Language Modeling (LM),
  Data Mining (DM) 등 AI 관련 전공자
- 석사 (또는 박사) 과정 재학 중 또는 기 졸업자
- 인턴십 기간 동안 Full-Time 근무가 가능하신 분
- 논문 작성 및 제출을 경험해보신 분
- AI 관련 코드 작성/오픈소스화를 경험해보신 분
- Top-tier CV/ML/LM conference 1저자 논문을 보유하신 분

■전형방법
서류전형
코딩테스트
면접전형
인턴십


※ 전형절차는 일정 및 상황에 따라 변동될 수 있으며, 전형별 결과에 따라 절차가 추가될 수 있습니다. 
※ 정해진 결과 발표 일정은 없으며, 지원서 검토 후 면접 일정은 대상자에게 개별로 안내드릴 예정입니다.
■접수기간 및 방법
접수기간 : 2024.02.21 ~ 2024.02.27 (18:00)
접수방법 : 본사 홈페이지 지원
■근무지
경기도 성남시 분당구 정자일로 95 네이버 1784
※ 근무지는 회사 내부 사정에 따라 변경될 수 있습니다.
■근무기간
2024년 4월 ~ 2024년 6월 (약 3개월 근무 가능자)
주 5일 (10:00~19:00)
※ 인턴십 상세 근무 기간은 변경될 수 있으며, 추후 최종 대상자에게 개별 안내 드릴 예정입니다.
■기타사항
본 인턴십은 채용전제형이 아닌 체험형 인턴십으로, 인턴십 기간이 끝나면 계약 종료됩니다.
입사지원서 작성 전 지원자격을 확인해 주시기 바라며, 지원서에 기재된 내용 중 허위사실이 있는 경우에는 합격이 취소될 수 있습니다.
본 공고는 인재 선발 완료 시 조기 마감될 수 있으며, 필요 시 모집 기간이 연장 될 수 있습니다.
국가유공자 및 장애인 등 취업보호 대상자는 관계법령에 따라 우대합니다.
국가유공자의 가산점 부여를 받기 위해서는 본인이 '취업지원 대상자 증명서'를 회사에 제출해야 합니다.
제출해 주신 지원서의 검토 결과 발표는 지원서에 등록하신 이메일로 개별 안내 드립니다.
문의사항은 NAVER Cloud 채용 홈페이지 지원 문의로 접수해주시기 바랍니다.",catch,지원자격 및,"우대사항]
- Computer Vision (CV), Macheine Learning (ML), Language Modeling (LM),
  Data Mining (DM) 등 AI 관련 전공자
- 석사 (또는 박사) 과정 재학 중 또는 기 졸업자
- 인턴십 기간 동안 Full-Time 근무가 가능하신 분
- 논문 작성 및 제출을 경험해보신 분
- AI 관련 코드 작성/오픈소스화를 경험해보신 분
- Top-tier CV/ML/LM conference 1저자 논문을 보유하신 분","Scala, R"
LINE Ads - Machine Learning Product Manager 채용,라인플러스,https://www.catch.co.kr/NCS/RecruitInfoDetails/375194,네트워크/서버/보안빅데이터/AIDBA/데이터베이스," LINE Ads - Machine Learning 
Product Manager 채용
■모집부문
모집부문 자격요건
Machine Learning 
Product Manager
담당업무
광고 플랫폼에 제공되는 입찰, 예산, Lookalike audience 등의 분야의 최적화 및 자동화 프로덕트와
플랫폼을 설계하고 관리합니다.
광고 플랫폼에 제공되는 광고의 효율 및 경쟁력 진단 및 시뮬레이션 조회 기능에 필요한 지표를 기획하고
그를 위한 플랫폼을 설계하고 관리합니다.
광고 송출 고도화/자동화에 사용될 수 있는 광고주나 광고의 특성들을 구분하는 여러 Data 체계를
설계하고 모델의 방향성을 제시합니다.
문제 정의와 분석, Data 획득 및 정제, 모델과 플랫폼 개발, A/B 테스트를 통한 모델 및 로직 검증,
출시에 이르는 전과정을 ML engineer와 협업하며 관리합니다.

자격요건
아래 자격요건 중 2개 이상 해당되시는 분
- Online AD Tech에 대한 지식
- Online AD 플랫폼 관련 기획과 프로젝트 운영 경력 3년 이상인 분
- 추천이나 랭킹이 필요한 프로덕트의 운영 및 관리 경험
- Engineer와 직접 소통이 필요한 프로젝트의 운영 및 관리 경험
- PM, Engineer, Business Development, Sales 등 다자 간의 관계에서 프로젝트를 진행한 경험
해외 출장 및 근무에 결격 사유 없으신 분

우대사항
광고 데이터 분석에 의한 인사이트 도출 능력
AI/ML/DS 기술을 사용한 프로덕트나 플랫폼을 직접 기획하고 운영한 경험이 있는 분
A/B 테스트 방법론과 지식을 갖추신 분
영어 또는 일본어로 리서치 및 커뮤니케이션이 가능한 분
PO/PM 관련 자격증 소지자 혹은 Agile Management에 대한 이해나 관심이 있는 분
Teamwork에 능하신 분
■전형방법
서류전형
Pre-Interview

1차면접
2차면접
레퍼런스 체크 및
처우 협의
최종 합격

- 일부 서류 합격자에 한하여 Pre-Interview가 진행될 수 있으며, Zoom 혹은 유선으로 약 30분간 진행됩니다.   
- 전형은 상황 및 일정에 따라 변경될 수 있습니다.
- 포트폴리오 또는 경력기술서 제출은 필수입니다.
■접수기간 및 방법
접수기간 : 채용 시 마감
접수방법 : 홈페이지 지원
■근무제도
근무형태 (LINE Hybrid Work 2.0)
100% 리모트 근무부터 주 N일 리모트 근무까지 유연하게 혼합하여 근무 할 수 있는 LINE Hybrid Work 2.0 제도를 적용합니다.
이에 따라 입사 시 배치 조직의 업무 성격, 프로젝트 주기 및 글로벌 협업 정도 등을 고려하여 자율적으로 설정한 근무형태를 적용받게 |
되며 업무와 성과를 책임 있게 자율 관리 할 수 있는 곳이라면 국내 지역뿐 아니라, 해외 지역에서의 리모트 근무도 가능합니다.
※ 상세한 내용은 <링크>를 참고하여 주시기 바랍니다. 

근무지
LINE Hybrid Work 2.0에 따라 근무 가능한 장소에서 근무
(※ 오프라인 협업을 위한 오피스는 분당 서현역 분당스퀘어에 있습니다.)

근무시간 
매월 Working Day에 따라 정해지는 기준근무시간 내에서 개인이 자유롭게 일/주별 근무하는 LINE Smart 근무제를 적용합니다.
또한, 해당 기준근무시간을 초과하여 근무할 경우 별도의 연장근무수당을 지급합니다.
■기타
본 공고는 수시 모집으로 채용 완료 시 조기 마감될 수 있습니다.
전형 일정 및 결과는 지원서에 등록하신 이메일로 개별 안내드립니다.
입사지원 시 작성하신 정보 및 금번 채용과 관련하여 제출하신 서류에 사실과 다른 내용이 있을 경우 채용 불합격의 사유가
될 수 있습니다.
본 채용공고를 통해 입사하시는 경우, 3개월의 수습 기간을 적용합니다.
기타 채용 관련 문의사항은 채용 공고 페이지 상단 'FAQs' 탭을 참고하여 문의 부탁드립니다.",catch,"자격요건
Machine Learning 
Product Manager
담당업무
광고 플랫폼에 제공되는 입찰, 예산, Lookalike audience 등의 분야의 최적화 및 자동화 프로덕트와
플랫폼을 설계하고 관리합니다.
광고 플랫폼에 제공되는 광고의 효율 및 경쟁력 진단 및 시뮬레이션 조회 기능에 필요한 지표를 기획하고
그를 위한 플랫폼을 설계하고 관리합니다.
광고 송출 고도화/자동화에 사용될 수 있는 광고주나 광고의 특성들을 구분하는 여러 Data 체계를
설계하고 모델의 방향성을 제시합니다.
문제 정의와 분석, Data 획득 및 정제, 모델과 플랫폼 개발, A/B 테스트를 통한 모델 및 로직 검증,
출시에 이르는 전과정을 ML engineer와 협업하며 관리합니다.

자격요건
아래 자격요건 중 2개 이상 해당되시는 분
- Online AD Tech에 대한 지식
- Online AD 플랫폼 관련 기획과 프로젝트 운영 경력 3년 이상인 분
- 추천이나 랭킹이 필요한 프로덕트의 운영 및 관리 경험
- Engineer와 직접 소통이 필요한 프로젝트의 운영 및 관리 경험
- PM, Engineer, Business Development, Sales 등 다자 간의 관계에서 프로젝트를 진행한 경험
해외 출장 및 근무에 결격 사유 없으신 분","우대사항
광고 데이터 분석에 의한 인사이트 도출 능력
AI/ML/DS 기술을 사용한 프로덕트나 플랫폼을 직접 기획하고 운영한 경험이 있는 분
A/B 테스트 방법론과 지식을 갖추신 분
영어 또는 일본어로 리서치 및 커뮤니케이션이 가능한 분
PO/PM 관련 자격증 소지자 혹은 Agile Management에 대한 이해나 관심이 있는 분
Teamwork에 능하신 분","R, Zoom"
[COO] 무효클릭 판정 개발/운영 담당 채용,네이버,https://www.catch.co.kr/NCS/RecruitInfoDetails/385220,마케팅/PR/분석빅데이터/AI," [COO] 무효클릭 판정 개발/운영 담당
경력 채용
■모집부문
모집부문 자격요건
무효클릭 판정 개발/운영
Who We Are
팀네이버 서비스 로그 데이터의 유/무효 판정 업무를 수행합니다.
개발자는 네이버 로그 데이터를 분석 및 트래픽의 품질을 평가하는 시스템을 개발하며,
분석가는 로그 데이터를 분석하여 트래픽 품질을 평가합니다.

What You'll Do
• 검색/광고/쇼핑 로그의 고객 문의 응대를 위한 트래픽 분석 업무를 수행하고 관련하여 개발자,
   정책 및 법무 담당자와 협업합니다.
• 트래픽 품질을 평가하기 위한 모니터링 작업을 수행합니다.

Required Skills
• 유관 실무 경험을 1년 이상 보유하고 계신 분 (인턴, 아르바이트 제외)
• 데이터 분석 업무 경험이 있으신 분
• 관련된 프로그래밍 언어와 도구 경험이 있으신 분
  (SQL, Hive, Jupyter Notebook, Zeppelin, Python 등)

Preferred Skills
• 검색 광고 비즈니스를 이해하고 계신 분
• 고객 응대 관련 업무 경험이 있으신 분
■전형방법
서류전형
기업문화
적합도 검사
직무 인터뷰
종합 인터뷰
및 레퍼런스
체크
최종 합격
■접수기간 및 방법
접수기간 : ~2024.02.28(수) 18:00
접수방법 : 본사 홈페이지 지원
서류전형&기업문화 적합도 검사 : 2월 5주차~3월 1주차 중
직무 인터뷰 : 3월 2주차~3주차 중
종합 인터뷰 및 레퍼런스 체크 : 3월 3주차~5주차 중
■기타사항
전형절차 및 일정은 상황에 따라 변동될 수 있으며, 전형별 결과에 따라 절차(추가 인터뷰 등)가 추가될 수 있습니다.
본 공고는 인재 선발 완료 시 조기 마감될 수 있으며, 필요 시 모집 기간이 연장 될 수 있습니다.
지원서 내용 중 허위사실이 있는 경우에는 합격이 취소될 수 있습니다.
국가유공자 및 장애인 등 취업보호 대상자는 관계법령에 따라 우대합니다.
국가유공자의 가산점 부여를 받기 위해서는 본인이 '취업지원 대상자 증명서'를 회사에 제출해야 합니다.
남자의 경우 군필자 또는 면제자에 한해 지원 가능합니다.
제출해 주신 지원서의 검토 결과 발표는 지원서에 등록하신 이메일로 개별 안내드립니다.
문의사항은 NAVER 채용 홈페이지 지원 문의로 접수해주시기 바랍니다.",catch,"자격요건
무효클릭 판정 개발/운영
Who We Are
팀네이버 서비스 로그 데이터의 유/무효 판정 업무를 수행합니다.
개발자는 네이버 로그 데이터를 분석 및 트래픽의 품질을 평가하는 시스템을 개발하며,
분석가는 로그 데이터를 분석하여 트래픽 품질을 평가합니다.

What You'll Do
• 검색/광고/쇼핑 로그의 고객 문의 응대를 위한 트래픽 분석 업무를 수행하고 관련하여 개발자,
   정책 및 법무 담당자와 협업합니다.
• 트래픽 품질을 평가하기 위한 모니터링 작업을 수행합니다.

Required Skills
• 유관 실무 경험을 1년 이상 보유하고 계신 분 (인턴, 아르바이트 제외)
• 데이터 분석 업무 경험이 있으신 분
• 관련된 프로그래밍 언어와 도구 경험이 있으신 분
  (SQL, Hive, Jupyter Notebook, Zeppelin, Python 등)

Preferred Skills
• 검색 광고 비즈니스를 이해하고 계신 분
• 고객 응대 관련 업무 경험이 있으신 분
■전형방법
서류전형
기업문화
적합도 검사
직무 인터뷰
종합 인터뷰
및 레퍼런스
체크
최종 합격
■접수기간 및 방법
접수기간 : ~2024.02.28(수) 18:00
접수방법 : 본사 홈페이지 지원
서류전형&기업문화 적합도 검사 : 2월 5주차~3월 1주차 중
직무 인터뷰 : 3월 2주차~3주차 중
종합 인터뷰 및 레퍼런스 체크 : 3월 3주차~5주차 중
■기타사항
전형절차 및 일정은 상황에 따라 변동될 수 있으며, 전형별 결과에 따라 절차(추가 인터뷰 등)가 추가될 수 있습니다.
본 공고는 인재 선발 완료 시 조기 마감될 수 있으며, 필요 시 모집 기간이 연장 될 수 있습니다.
지원서 내용 중 허위사실이 있는 경우에는 합격이 취소될 수 있습니다.
국가유공자 및 장애인 등 취업보호 대상자는 관계법령에 따라 우대합니다.
국가유공자의 가산점 부여를 받기 위해서는 본인이 '취업지원 대상자 증명서'를 회사에 제출해야 합니다.
남자의 경우 군필자 또는 면제자에 한해 지원 가능합니다.
제출해 주신 지원서의 검토 결과 발표는 지원서에 등록하신 이메일로 개별 안내드립니다.
문의사항은 NAVER 채용 홈페이지 지원 문의로 접수해주시기 바랍니다.",,"Python, R"
LINE Ads - Machine Learning Engineer 채용,라인플러스,https://www.catch.co.kr/NCS/RecruitInfoDetails/372773,네트워크/서버/보안빅데이터/AI," LINE Ads - 
Machine Learning Engineer 채용
■모집부문
모집부문 자격요건
Machine Learning 
Engineer
담당업무
Online Prediction, Budget Optimization 등의 로직 구현
AD Ranking Engine의 효율 및 성능 튜닝
Lookalike 등 User Segment 구축 및 Feature Engineering
A/B 테스트를 통한 로직 검증 및 반영
광고 시스템의 실시간 예측기, 입찰 최적화 등의 시스템 운영

자격요건
랭킹/추천 관련 논문 습득, 이해 및 빠른 프로토타이핑에 능숙하신 분
비즈니스나 데이터에 기반한 문제 해결에 익숙하신 분
VCS(git, svn) 기반으로 협업하는 것이 익숙하신 분
도전적 과제를 열정적으로 해결할 수 있으신 분
아래 요건 중 최소 한 가지 해당하시는 분
1. Computer Science 전공하신 분
2. Statistics 전공하신 분
3. Mathematics 전공하신 분
4. 2년 이상의 랭킹 또는 머신러닝 실무 경력이 있으신 분
아래 요건 중 최소 한 가지 해당하시는 분
1. 대용량 트래픽 서버를 개발 및 운영한 경험이 있으신 분
2. 로직을 프로덕션에서 운영하고 개선한 경험이 있으신 분
해외 출장 및 근무에 결격 사유 없으신 분

우대사항
Golang, C/C++ 능숙하신 분
분산 시스템에 대한 높은 이해도를 가지신 분
Agile 업무에 능숙하신 분 (빠른 실행, 데이터 기반 의사결정)
온라인/모바일 광고산업에 대한 이해 및 경험을 보유하신 분
추천 알고리즘 개발 경험을 보유하신 분
영어나 일본어로 업무 진행이 가능하신 분
■전형방법
서류전형
Pre-Interview

과제 전형
1차면접/
2차면접
레퍼런스 체크 및
처우 협의
최종 합격

- 전형은 상황 및 일정에 따라 변경될 수 있습니다.
- 포트폴리오 또는 경력기술서 제출은 필수입니다.
■접수기간 및 방법
접수기간 : 채용 시 마감
접수방법 : 홈페이지 지원
■근무제도
근무형태 (LINE Hybrid Work 2.0)
100% 리모트 근무부터 주 N일 리모트 근무까지 유연하게 혼합하여 근무 할 수 있는 LINE Hybrid Work 2.0 제도를 적용합니다.
이에 따라 입사 시 배치 조직의 업무 성격, 프로젝트 주기 및 글로벌 협업 정도 등을 고려하여 자율적으로 설정한 근무형태를 적용받게 |
되며 업무와 성과를 책임 있게 자율 관리 할 수 있는 곳이라면 국내 지역뿐 아니라, 해외 지역에서의 리모트 근무도 가능합니다.
※ 상세한 내용은 <링크>를 참고하여 주시기 바랍니다. 

근무지
LINE Hybrid Work 2.0에 따라 근무 가능한 장소에서 근무
(※ 오프라인 협업을 위한 오피스는 분당 서현역 분당스퀘어에 있습니다.)

근무시간 
매월 Working Day에 따라 정해지는 기준근무시간 내에서 개인이 자유롭게 일/주별 근무하는 LINE Smart 근무제를 적용합니다.
또한, 해당 기준근무시간을 초과하여 근무할 경우 별도의 연장근무수당을 지급합니다.
■기타
본 공고는 수시 모집으로 채용 완료 시 조기 마감될 수 있습니다.
전형 일정 및 결과는 지원서에 등록하신 이메일로 개별 안내드립니다.
입사지원 시 작성하신 정보 및 금번 채용과 관련하여 제출하신 서류에 사실과 다른 내용이 있을 경우 채용 불합격의 사유가
될 수 있습니다.
본 채용공고를 통해 입사하시는 경우, 3개월의 수습 기간을 적용합니다.
기타 채용 관련 문의사항은 채용 공고 페이지 상단 'FAQs' 탭을 참고하여 문의 부탁드립니다.",catch,"자격요건
Machine Learning 
Engineer
담당업무
Online Prediction, Budget Optimization 등의 로직 구현
AD Ranking Engine의 효율 및 성능 튜닝
Lookalike 등 User Segment 구축 및 Feature Engineering
A/B 테스트를 통한 로직 검증 및 반영
광고 시스템의 실시간 예측기, 입찰 최적화 등의 시스템 운영

자격요건
랭킹/추천 관련 논문 습득, 이해 및 빠른 프로토타이핑에 능숙하신 분
비즈니스나 데이터에 기반한 문제 해결에 익숙하신 분
VCS(git, svn) 기반으로 협업하는 것이 익숙하신 분
도전적 과제를 열정적으로 해결할 수 있으신 분
아래 요건 중 최소 한 가지 해당하시는 분
1. Computer Science 전공하신 분
2. Statistics 전공하신 분
3. Mathematics 전공하신 분
4. 2년 이상의 랭킹 또는 머신러닝 실무 경력이 있으신 분
아래 요건 중 최소 한 가지 해당하시는 분
1. 대용량 트래픽 서버를 개발 및 운영한 경험이 있으신 분
2. 로직을 프로덕션에서 운영하고 개선한 경험이 있으신 분
해외 출장 및 근무에 결격 사유 없으신 분","우대사항
Golang, C/C++ 능숙하신 분
분산 시스템에 대한 높은 이해도를 가지신 분
Agile 업무에 능숙하신 분 (빠른 실행, 데이터 기반 의사결정)
온라인/모바일 광고산업에 대한 이해 및 경험을 보유하신 분
추천 알고리즘 개발 경험을 보유하신 분
영어나 일본어로 업무 진행이 가능하신 분","C\+\+, Go, R, Git(?:Hub|Lab)?"
AI Researcher(언어모델사업) 채용,카카오브레인,https://www.catch.co.kr/NCS/RecruitInfoDetails/373259,빅데이터/AI,"■모집부문
모집부문 자격요건
AI Researcher
(언어모델사업)

업무 내용
- 독자적 경쟁력을 갖는 (e.g., longer context, efficient training/inference) Pretrained Language 
  Model (PLM)을 만들기 위한 데이터, 학습방법 및 평가 개발
- 독자적 경쟁력을 갖는 (e.g., controllability) chat 모델을 만들기 위한 데이터, 학습방법 및 평가
  연구 개발
- 독자적 경쟁력을 갖는 (e.g., code) agent 모델을 만들기 위한 데이터, 학습방법 및 평가 연구 개발
- 사회적으로 안전한 모델을 만들기 위한 데이터셋, 학습방법 및 평가 연구 개발

지원 자격
- CS/AI/ML 등 관련 전공 석사 이상 혹은 이에 준하는 관련 프로젝트 경험을 보유하신 분
  (Natural Language Processing, Multimodal Learning, Reinforcement Learning 등 분야)
- 능숙한 파이썬 및 딥러닝 프레임워크(PyTorch, TensorFlow) 개발 역량을 보유하신 분
- 연구/개발에 대한 지속적인 관심과 새로운 기술/업무에 대한 도전 정신을 가지신 분

우대 사항
- 대형 딥러닝 모델 최적화 및 분산 학습 개발 경험(e.g., Distributed training, DeepSpeed)을 
  보유하신 분
- 자연어 처리 및 언어/대화모델 연구 개발 경험을 보유하신 분
- Machine Learning, Natural Language Processing, Multimodal Learning, Reinforcement 
  Learning 관련 주요 학회 및 저널 Publication 실적 혹은 이에 준하는 프로젝트 경험을 보유하신 분
- AI 관련 challenge 등 수상 경력을 보유하신 분
- Spark 등 대용량 데이터 처리 경험을 보유하신 분
■전형방법
서류전형
코딩테스트
1차 인터뷰
/ 2차 인터뷰
3차
CEO 인터뷰
(Optional)
입사 확정
■접수기간 및 방법
접수기간 : 채용시 마감
접수방법 : 본사 홈페이지 지원
영입 프로세스는 필요에 따라 생략되거나 추가될 수 있습니다.
해당 포지션의 고용형태는 정규직(수습 3개월)입니다.
*본 영입은 수시모집으로 영입완료시 조기마감 될 수 있습니다.
■기타사항
카카오브레인은 증명사진, 주민등록번호, 가족관계, 혼인여부 등 영입과 관련없는 개인정보를 요구하지 않습니다.
보훈대상자 및 장애인 여부는 영입 과정에서 어떠한 불이익도 미치지 않습니다.
필요 시 지원자의 동의 하에 평판조회 절차가 진행될 수 있으며, 평판조회 결과에 따라 영입이 취소될 수 있습니다.
■필수 제출 서류
자유 양식의 상세 경력 기반 국문 or 영문 이력서 제출해 주시면 됩니다.
이력서는 반드시 PDF로 제출 부탁드립니다. (압축파일 or 노션페이지 PDF 변환본 제출 불가)
제출해 주신 내용 중 허위 사실이 있을 경우 영입이 취소될 수 있습니다.",catch,"자격요건
AI Researcher
(언어모델사업)

업무 내용
- 독자적 경쟁력을 갖는 (e.g., longer context, efficient training/inference) Pretrained Language 
  Model (PLM)을 만들기 위한 데이터, 학습방법 및 평가 개발
- 독자적 경쟁력을 갖는 (e.g., controllability) chat 모델을 만들기 위한 데이터, 학습방법 및 평가
  연구 개발
- 독자적 경쟁력을 갖는 (e.g., code) agent 모델을 만들기 위한 데이터, 학습방법 및 평가 연구 개발
- 사회적으로 안전한 모델을 만들기 위한 데이터셋, 학습방법 및 평가 연구 개발

지원 자격
- CS/AI/ML 등 관련 전공 석사 이상 혹은 이에 준하는 관련 프로젝트 경험을 보유하신 분
  (Natural Language Processing, Multimodal Learning, Reinforcement Learning 등 분야)
- 능숙한 파이썬 및 딥러닝 프레임워크(PyTorch, TensorFlow) 개발 역량을 보유하신 분
- 연구/개발에 대한 지속적인 관심과 새로운 기술/업무에 대한 도전 정신을 가지신 분

우대 사항
- 대형 딥러닝 모델 최적화 및 분산 학습 개발 경험(e.g., Distributed training, DeepSpeed)을 
  보유하신 분
- 자연어 처리 및 언어/대화모델 연구 개발 경험을 보유하신 분
- Machine Learning, Natural Language Processing, Multimodal Learning, Reinforcement 
  Learning 관련 주요 학회 및 저널 Publication 실적 혹은 이에 준하는 프로젝트 경험을 보유하신 분
- AI 관련 challenge 등 수상 경력을 보유하신 분
- Spark 등 대용량 데이터 처리 경험을 보유하신 분
■전형방법
서류전형
코딩테스트
1차 인터뷰
/ 2차 인터뷰
3차
CEO 인터뷰
(Optional)
입사 확정
■접수기간 및 방법
접수기간 : 채용시 마감
접수방법 : 본사 홈페이지 지원
영입 프로세스는 필요에 따라 생략되거나 추가될 수 있습니다.
해당 포지션의 고용형태는 정규직(수습 3개월)입니다.
*본 영입은 수시모집으로 영입완료시 조기마감 될 수 있습니다.
■기타사항
카카오브레인은 증명사진, 주민등록번호, 가족관계, 혼인여부 등 영입과 관련없는 개인정보를 요구하지 않습니다.
보훈대상자 및 장애인 여부는 영입 과정에서 어떠한 불이익도 미치지 않습니다.
필요 시 지원자의 동의 하에 평판조회 절차가 진행될 수 있으며, 평판조회 결과에 따라 영입이 취소될 수 있습니다.
■필수 제출 서류
자유 양식의 상세 경력 기반 국문 or 영문 이력서 제출해 주시면 됩니다.
이력서는 반드시 PDF로 제출 부탁드립니다. (압축파일 or 노션페이지 PDF 변환본 제출 불가)
제출해 주신 내용 중 허위 사실이 있을 경우 영입이 취소될 수 있습니다.",,"R, TensorFlow, PyTorch"
검색 품질 프로세스 개선 담당자 채용,쿠팡,https://www.catch.co.kr/NCS/RecruitInfoDetails/382525,빅데이터/AIDBA/데이터베이스," 검색 품질 프로세스 개선 담당자 채용
■모집부문
모집부문 상세내용
검색 품질 프로세스 개선 
담당자
담당업무
· 검색어와 상품의 관련성 평가 기준을 수립하고 이를 기반으로 쿠팡의 검색 품질 측정 업무 운영
· 양질의 대규모 데이터 수집을 위한 효율적인 전략 수립 및 실행
· 검색 개발 조직과 협업하여 자동화 운영 프로세스 구축
· 조직의 미션과 목표에 따른 프로그램 및 업무의 우선순위 결정
 자격요건
· 3년 이상의 운영 관련 경험
· 대규모 데이터 셋 분석 및 통찰력 도출 경험을 갖춘 분석 기술
· 어려운 과제 해결, 이슈 딥다이브, 근본적인 원인 파악 및 현실적인 솔루션 제안 등의 다양한 경험
· 정보를 신속히 종합하고, 핵심 내용을 추출하여 인사이트를 제시한 경험
· 뛰어난 의사소통 능력, 대인관계 능력을 통한 유관부서 간 관계 구축 및 협업 능력
· 빠르게 변화하는 역동적인 환경에서 업무의 우선순위를 결정하여 데드라인을 맞추고 
  효과적으로 성과를 달성하는 능력과 경험
 우대사항
· 검색 관련 지식 보유자 혹은 관련 업계 근무자
· 데이터 라벨링 운영 경험자
· 영어 커뮤니케이션 가능자
■전형방법
서류전형
전화면접
화상면접
최종합격
전형 절차는  직무별로  다르게 운영될 수 있으며, 일정 및 상황에 따라 변동될 수 있습니다.
전형 일정 및 결과는 지원서에 등록하신 이메일로 개별안내드립니다.
■접수기간 및 방법
접수기간 : 채용시 마감
접수방법 : 본사 홈페이지 지원
■참고사항
고용형태는 정규직으로 수습기간 12주를 포함합니다.
본 공고는 모집 완료 시 조기 마감될 수 있습니다.
지원서 내용 중 허위사실이 있는 경우에는 합격이 취소될 수 있습니다.
보훈대상자 및 장애인 여부는 채용 과정에서 어떠한 불이익도 미치지 않습니다.
직급과 담당 업무 범위는 후보자의 전반적인 경력과 경험 등 제반사정을 고려하여 변경될 수 있습니다.
이러한 변경이 필요할 경우, 최종 합격 통지 전 적절한 시기에 후보자와 커뮤니케이션 될 예정입니다.",catch,"자격요건
· 3년 이상의 운영 관련 경험
· 대규모 데이터 셋 분석 및 통찰력 도출 경험을 갖춘 분석 기술
· 어려운 과제 해결, 이슈 딥다이브, 근본적인 원인 파악 및 현실적인 솔루션 제안 등의 다양한 경험
· 정보를 신속히 종합하고, 핵심 내용을 추출하여 인사이트를 제시한 경험
· 뛰어난 의사소통 능력, 대인관계 능력을 통한 유관부서 간 관계 구축 및 협업 능력
· 빠르게 변화하는 역동적인 환경에서 업무의 우선순위를 결정하여 데드라인을 맞추고 
  효과적으로 성과를 달성하는 능력과 경험","우대사항
· 검색 관련 지식 보유자 혹은 관련 업계 근무자
· 데이터 라벨링 운영 경험자
· 영어 커뮤니케이션 가능자",
AI Research Engineer(칼로사업) 채용,카카오브레인,https://www.catch.co.kr/NCS/RecruitInfoDetails/381339,빅데이터/AI,"AI Research Engineer(칼로사업) 채용
■모집부문
모집부문 자격요건
AI Research Engineer
(칼로사업)
업무 내용
- 이미지 또는 비디오 생성 모델 학습을 위한 대규모 멀티모달 데이터 분석 및 가공
- 세계 최상위 수준의 대규모 이미지/비디오 생성 모델 연구 개발

지원 자격
- 5년 이상의 머신러닝 및 SW 엔지니어링 실무 경험을 보유한 분
- 대규모 데이터를 수집 및 가공하여 머신러닝 모델을 학습한 경험이 있는 분 혹은 이에 준하는
  SW 엔지니어링 경력을 보유한 분

우대사항
- 대규모 데이터를 수집 및 가공하여 이미지 또는 비디오 생성 모델을 학습한 경험이 있는 분
- 분산 처리 프레임워크 기반 (DeepSpeed, FairScale 등)의 대규모 모델 학습 경험을 보유한 분
■전형방법
서류전형
코딩테스트
/1차 인터뷰
2차 인터뷰
3차 CEO
인터뷰
(Optional)
입사 확정
■접수기간 및 방법
접수기간 : 채용시 마감
접수방법 : 본사 홈페이지 지원
영입 프로세스는 필요에 따라 생략되거나 추가될 수 있습니다.
해당 포지션의 고용형태는 정규직(수습 3개월)입니다.
*본 영입은 수시모집으로 영입완료시 조기마감 될 수 있습니다.
■기타사항
카카오브레인은 증명사진, 주민등록번호, 가족관계, 혼인여부 등 영입과 관련없는 개인정보를 요구하지 않습니다.
보훈대상자 및 장애인 여부는 영입 과정에서 어떠한 불이익도 미치지 않습니다.
필요 시 지원자의 동의 하에 평판조회 절차가 진행될 수 있으며, 평판조회 결과에 따라 영입이 취소될 수 있습니다.
■필수 제출 서류
자유 양식의 상세 경력 기반 국문 or 영문 이력서 제출해 주시면 됩니다.
이력서는 반드시 PDF로 제출 부탁드립니다. (압축파일 or 노션 포함 웹페이지 PDF 변환본 제출 불가)
제출해 주신 내용 중 허위 사실이 있을 경우 영입이 취소될 수 있습니다.",catch,"자격요건
AI Research Engineer
(칼로사업)
업무 내용
- 이미지 또는 비디오 생성 모델 학습을 위한 대규모 멀티모달 데이터 분석 및 가공
- 세계 최상위 수준의 대규모 이미지/비디오 생성 모델 연구 개발

지원 자격
- 5년 이상의 머신러닝 및 SW 엔지니어링 실무 경험을 보유한 분
- 대규모 데이터를 수집 및 가공하여 머신러닝 모델을 학습한 경험이 있는 분 혹은 이에 준하는
  SW 엔지니어링 경력을 보유한 분","우대사항
- 대규모 데이터를 수집 및 가공하여 이미지 또는 비디오 생성 모델을 학습한 경험이 있는 분
- 분산 처리 프레임워크 기반 (DeepSpeed, FairScale 등)의 대규모 모델 학습 경험을 보유한 분",R
ML Researcher (Computer Vision) 채용,카카오엔터테인먼트,https://www.catch.co.kr/NCS/RecruitInfoDetails/382587,빅데이터/AIDBA/데이터베이스,"ML Researcher (Computer Vision)
채용
■팀 소개
AI Lab은 CTO 산하에 편재되어 있으며, 스토리/음악 컨텐츠 추천/검색을 위한 고객 소비/행동 패턴을 분석하고,
CRM 마케팅 자동화 모델링 등 통계 기반으로 데이터를 분석하고 모델링하는 업무를 수행하고 있습니다.
특히 최근에는 Helix라는 인공지능(AI) 브랜드를 런칭했고, 첫 서비스로 카카오페이지에 적용되는 ‘헬릭스 푸시’를 선보였습니다.
헬릭스 푸시는 모바일 알림 형태로 웹툰과 웹소설 등 IP를 추천하고 캐시 등 혜택을 제공하는 서비스로 AI가 자체적으로
개별 유저 열람, 구매, 방문 데이터를 학습하고 이를 바탕으로 가장 최적화된 시점에 독자가 가장 선호할 것으로 여겨지는 작품을
이용권 혜택 등과 함께 전달합니다.
이처럼 카카오엔터테인먼트는 AI 기술 연구 및 개발을 통해 다양한 플랫폼 안에서 비즈니스 효율과 가치를 극대화하고
사용자 경험을 향상시키고자 합니다.
■모집부문

모집부문 상세내용
ML Researcher
(Computer Vision)
업무내용
컴퓨터 비전 기술 연구 및 응용 개발
이미지 분석 (소재 및 배경, 캐릭터 인식/판별, 자동 이미지 주석)
이미지 자동 채색 / 배경 자동 생성
자연어 기반 이미지 검색
지원자격
컴퓨터 과학, 인공지능(AI), 컴퓨터 비전 분야 전공 석사 학위 혹은 이에 준하는 관련 경력
(5년 이상)을 갖춘 분 
딥러닝 기반 Image classification, object detection / recognition, image captioning,
image generation, style transfer, auto-coloring 등의 컴퓨터 비전 연구 및
프로젝트 수행 경험이 있는 분
CNNs, GANs, VAEs, Diffusion 모델을 활용한 컴퓨터 비전 연구 및 개발 경험이 있는 분
PyTorch나 TensorFlow 등 모델링을 위한 ML Framework에 대한 이해와 활용이 가능한 분
우대사항
컴퓨터 비전 분야 박사 학위를 소지한 분
학회/컨퍼런스 컴퓨터 비전 논문 게재 또는 출판 경험이 있는 분
공통요건
병역 필 또는 면제자로 해외여행에 결격 사유가 없는 분
그 외 제출서류에서 결격 사유가 없는 분
■전형방법
서류전형
1차/2차
인터뷰
처우협의
건강검진
최종합격

※ 1차 인터뷰 전후에 인성검사 및 레퍼런스 체크가 진행될 수 있으니 참고 부탁 드립니다.
※ 최종합격 안내 후, 제출하신 서류에서 결격 사유가 없는 분에 한해 영입
■접수기간 및 방법
접수기간 : ~ 채용시마감
접수방법 : 본사 홈페이지 지원
■참고사항
이력서에 연봉, 주민등록번호 등 민감한 개인 정보가 포함되지 않도록 확인을 부탁 드립니다.
장애인 및 보훈 대상자는 관련 법령에 따라 우대합니다.
지원자격이 충족되지 않거나, 지원서 내용이 허위로 판명될 경우 영입이 취소될 수 있습니다.
그 외 제출하신 서류에서 결격 사유가 확인되는 경우, 영입이 취소될 수 있습니다. 
문의 사항은 FAQ를 확인하시거나 recruit_ent@kakaoent.com으로 문의해 주세요.",catch,"지원자격
컴퓨터 과학, 인공지능(AI), 컴퓨터 비전 분야 전공 석사 학위 혹은 이에 준하는 관련 경력
(5년 이상)을 갖춘 분 
딥러닝 기반 Image classification, object detection / recognition, image captioning,
image generation, style transfer, auto-coloring 등의 컴퓨터 비전 연구 및
프로젝트 수행 경험이 있는 분
CNNs, GANs, VAEs, Diffusion 모델을 활용한 컴퓨터 비전 연구 및 개발 경험이 있는 분
PyTorch나 TensorFlow 등 모델링을 위한 ML Framework에 대한 이해와 활용이 가능한 분","우대사항
컴퓨터 비전 분야 박사 학위를 소지한 분
학회/컨퍼런스 컴퓨터 비전 논문 게재 또는 출판 경험이 있는 분
공통요건
병역 필 또는 면제자로 해외여행에 결격 사유가 없는 분
그 외 제출서류에서 결격 사유가 없는 분","R, TensorFlow, PyTorch"
ML Researcher (NLP) 채용,카카오엔터테인먼트,https://www.catch.co.kr/NCS/RecruitInfoDetails/381858,빅데이터/AIDBA/데이터베이스,"ML Researcher (NLP) 채용
■팀 소개
AI Lab은 CTO 산하에 편재되어 있으며, 스토리/음악 컨텐츠 추천/검색을 위한 고객 소비/행동 패턴을 분석하고,
CRM 마케팅 자동화 모델링 등 통계 기반으로 데이터를 분석하고 모델링하는 업무를 수행하고 있습니다.
특히 최근에는 Helix라는 인공지능(AI) 브랜드를 런칭했고, 첫 서비스로 카카오페이지에 적용되는 ‘헬릭스 푸시’를 선보였습니다.
헬릭스 푸시는 모바일 알림 형태로 웹툰과 웹소설 등 IP를 추천하고 캐시 등 혜택을 제공하는 서비스로 AI가 자체적으로
개별 유저 열람, 구매, 방문 데이터를 학습하고 이를 바탕으로 가장 최적화된 시점에 독자가 가장 선호할 것으로 여겨지는 작품을
이용권 혜택 등과 함께 전달합니다.
이처럼 카카오엔터테인먼트는 AI 기술 연구 및 개발을 통해 다양한 플랫폼 안에서 비즈니스 효율과 가치를 극대화하고
사용자 경험을 향상시키고자 합니다.
■모집부문

모집부문 상세내용
ML Researcher (NLP)
업무내용
자연어 처리 모델 연구 및 응용 개발
텍스트 분석 및 자동 번역
콘텐츠 유해 내용 자동 심사
지원자격
컴퓨터 과학, 인공지능(AI), NLP 분야 전공 석사 학위 혹은
이에 준하는 관련 경력(5년 이상)을 갖춘 분
딥러닝 기반의 자연어 이해, 생성, 대화 시스템 등 NLP 응용 분야에 대한 연구 및
프로젝트 수행 경험이 있는 분
LLM Fine-tuning에 대한 이해와 경험이 있는 분
PyTorch나 TensorFlow 등 모델링을 위한 ML Framework에 대한 이해와 활용이 가능한 분
우대사항
관련 분야 박사 학위를 소지한 분
학회/컨퍼런스에 관련 논문 게재 또는 출판 경험이 있는 분
Large-Scale Training 경험이 있는 분
공통요건
병역 필 또는 면제자로 해외여행에 결격 사유가 없는 분
그 외 제출서류에서 결격 사유가 없는 분
■전형방법
서류전형
1차/2차
인터뷰
처우협의
건강검진
최종합격

※ 1차 인터뷰 전후에 인성검사 및 레퍼런스 체크가 진행될 수 있으니 참고 부탁 드립니다.
※ 최종합격 안내 후, 제출하신 서류에서 결격 사유가 없는 분에 한해 영입
■접수기간 및 방법
접수기간 : ~ 채용시마감
접수방법 : 본사 홈페이지 지원
■참고사항
이력서에 연봉, 주민등록번호 등 민감한 개인 정보가 포함되지 않도록 확인을 부탁 드립니다.
장애인 및 보훈 대상자는 관련 법령에 따라 우대합니다.
지원자격이 충족되지 않거나, 지원서 내용이 허위로 판명될 경우 영입이 취소될 수 있습니다.
그 외 제출하신 서류에서 결격 사유가 확인되는 경우, 영입이 취소될 수 있습니다. 
문의 사항은 FAQ를 확인하시거나 recruit_ent@kakaoent.com으로 문의해 주세요.",catch,"지원자격
컴퓨터 과학, 인공지능(AI), NLP 분야 전공 석사 학위 혹은
이에 준하는 관련 경력(5년 이상)을 갖춘 분
딥러닝 기반의 자연어 이해, 생성, 대화 시스템 등 NLP 응용 분야에 대한 연구 및
프로젝트 수행 경험이 있는 분
LLM Fine-tuning에 대한 이해와 경험이 있는 분
PyTorch나 TensorFlow 등 모델링을 위한 ML Framework에 대한 이해와 활용이 가능한 분","우대사항
관련 분야 박사 학위를 소지한 분
학회/컨퍼런스에 관련 논문 게재 또는 출판 경험이 있는 분
Large-Scale Training 경험이 있는 분
공통요건
병역 필 또는 면제자로 해외여행에 결격 사유가 없는 분
그 외 제출서류에서 결격 사유가 없는 분","R, TensorFlow, PyTorch"
데이터센터 운영 엔지니어 채용,카카오,https://www.catch.co.kr/NCS/RecruitInfoDetails/385628,빅데이터/AIDBA/데이터베이스,"데이터센터 운영 엔지니어 (경력) 채용
■모집부문
모집부문 자격요건
카카오 데이터센터
운영 엔지니어

(정규직, 0명)

◆ 조직소개
다양한 분야의 데이터센터 관련 전문 엔지니어들이 모여서 무중단
그리고 효율적인 데이터센터를 운영하는 조직입니다.

◆ 업무내용
데이터센터 상면 계획 및 운영
데이터센터 환경 관리 및 개선
데이터센터 상면 구축
데이터센터 계약 및 과금 데이터 관리
랙 및 랙 악세서리 개발 적용

◆ 지원자격
2년 이상의 경력을 가진 분
데이터센터 상면 관리 유경험자
데이터센터 공조 및 전기에 대한 이해가 있는 분

■전형방법
서류전형
원격인터뷰
1차 인터뷰
2차 인터뷰
최종합격
■접수기간 및 방법
접수기간 : 채용시 마감
접수방법 : 본사 홈페이지 지원
■필독사항
※ 영입 포지션 직군 경력 1년 미만일 시 추가 역량 검증을 위해 정직원 최종 합격 전, 최대 3개월간 계약직으로 근무할 수 있습니다.
     (단, 신입공채 전형 합격자의 경우에는 관련 경력 1년 미만이라도 정규직으로 입사하게 됩니다.)
■근로제도
Kakao ON: 해당 포지션은 월 총 근무시간 범위 내에서 크루 스스로 업무의 시작 및 종료시간을 설정하여 자율적으로 몰입하여
근무할 수 있는 “완전선택적근로제도""를 적용받습니다.
카카오는 한 달 동안 열심히 달려온 크루의 소중한 휴식과 충전을 위해 매월 마지막 주 금요일을 리커버리데이로 운영합니다.
리커버리데이는 크루가 자유롭게 휴식과 충전, 업무리듬 재조정, 회고 및 다음 업무 계획 수립에 활용할 수 있습니다.
카카오는 오피스를 주된 근무지로 하며,
각 조직별로 조직의 성과 창출과 업무 수행에 최적화된 근무 장소와 방식을 설정하고 있습니다.",catch,"자격요건
카카오 데이터센터
운영 엔지니어

(정규직, 0명)

◆ 조직소개
다양한 분야의 데이터센터 관련 전문 엔지니어들이 모여서 무중단
그리고 효율적인 데이터센터를 운영하는 조직입니다.

◆ 업무내용
데이터센터 상면 계획 및 운영
데이터센터 환경 관리 및 개선
데이터센터 상면 구축
데이터센터 계약 및 과금 데이터 관리
랙 및 랙 악세서리 개발 적용

◆ 지원자격
2년 이상의 경력을 가진 분
데이터센터 상면 관리 유경험자
데이터센터 공조 및 전기에 대한 이해가 있는 분

■전형방법
서류전형
원격인터뷰
1차 인터뷰
2차 인터뷰
최종합격
■접수기간 및 방법
접수기간 : 채용시 마감
접수방법 : 본사 홈페이지 지원
■필독사항
※ 영입 포지션 직군 경력 1년 미만일 시 추가 역량 검증을 위해 정직원 최종 합격 전, 최대 3개월간 계약직으로 근무할 수 있습니다.
     (단, 신입공채 전형 합격자의 경우에는 관련 경력 1년 미만이라도 정규직으로 입사하게 됩니다.)
■근로제도
Kakao ON: 해당 포지션은 월 총 근무시간 범위 내에서 크루 스스로 업무의 시작 및 종료시간을 설정하여 자율적으로 몰입하여
근무할 수 있는 “완전선택적근로제도""를 적용받습니다.
카카오는 한 달 동안 열심히 달려온 크루의 소중한 휴식과 충전을 위해 매월 마지막 주 금요일을 리커버리데이로 운영합니다.
리커버리데이는 크루가 자유롭게 휴식과 충전, 업무리듬 재조정, 회고 및 다음 업무 계획 수립에 활용할 수 있습니다.
카카오는 오피스를 주된 근무지로 하며,
각 조직별로 조직의 성과 창출과 업무 수행에 최적화된 근무 장소와 방식을 설정하고 있습니다.",,
Machine Learning Engineer(언어모델사업) 채용,카카오브레인,https://www.catch.co.kr/NCS/RecruitInfoDetails/381335,빅데이터/AI," Machine Learning Engineer
(언어모델사업)채용
■모집부문
**본 포지션은 크게 Data Engineering 그리고 Optimization 두 가지 분야로 나뉘어져 있습니다.
제출해주신 이력서를 기반으로 후보자의 전반적인 경력과 경험 등 제반 사항을 고려하여 둘 중 적합한 분야를
서류 합격 시 공유 드릴 예정입니다.
모집부문 자격요건
Data Engineering
업무 내용
- LLM Pre-training을 위한 대규모 데이터 수집 및 전처리 기술 개발
- 대량의 문서 파일을 텍스트 형식으로 변환하는 기술에 대한 연구 개발
- SFT, RM, RL 모델 학습에 필요한 데이터의 품질 향상을 위한 연구 개발
- LLM 모델의 연구 개발 효율을 높이기 위한 다양한 기술 개발

지원 자격
- 3년 이상의 AI/ML Engineering 혹은 Data Engineering 관련 경력을 보유하신 분
- 데이터 수집과 품질 향상의 중요성을 이해하고 모델의 성능을 개선하는데 관심 있으신 분
- Data Engineering을 포함한 MLOps/LLMOps에 관심 있으신 분

우대사항
- 사전학습을 위한 테라바이트 수준의 텍스트 데이터 수집 및 분산 처리 경험
- 오픈소스 모델을 기반으로 SFT, RM, RL 모델 학습을 위한 고품질 데이터 수집 및 학습 경험
- LLM 학습 데이터의 품질 향상과 평가를 위한 연구 개발 경험
- AI 관련 탑티어 학회에 언어모델 관련 논문 게제 경험
- MLOps/LLMOps 시스템 설계 및 운영 경험
Optimization
업무 내용
- 대규모 GPU/TPU 클러스터 기반의 분산학습 최적화 기술 개발
- LLM을 효율적으로 서빙하기 위한 추론 최적화 기술 개발
- Megatron-LM, DeepSpeed 등의 분산학습 프레임워크의 성능 개선을 위한 연구 개발

지원 자격
- 3년 이상의 AI/ML Engineering 관련 경력을 보유하신 분
- HPC를 구성하는 다양한 하드웨어를 이해하고 학습 및 추론 속도를 최적화 하는데 관심 있으신 분
- 효율적인 LLM 학습과 추론을 위한 다양한 연구 개발에 관심 있으신 분

우대사항
- 대규모 GPU/TPU 클러스터 환경에서 초거대 모델 학습을 위한 최적화 경험
- LLM 서빙 프레임워크의 성능 향상을 위한 다양한 추론 최적화 경험
- OpenAI Triton, Nvidia CUTLASS 등을 사용한 GPU 커널 개발 경험
- Data/Model/Pipeline/Sequence Parallel 관련 연구 개발 경험
- Quantization, Distillation 관련 연구 개발 경험
■전형방법
서류전형
1차
코딩테스트
/1차 인터뷰
2차
코딩테스트
/2차 인터뷰
3차 CEO
인터뷰
(Optional)
입사 확정
■접수기간 및 방법
접수기간 : 채용시 마감
접수방법 : 본사 홈페이지 지원
영입 프로세스는 필요에 따라 생략되거나 추가될 수 있습니다.
해당 포지션의 고용형태는 정규직(수습 3개월)입니다.
*본 영입은 수시모집으로 영입완료시 조기마감 될 수 있습니다.
■기타사항
카카오브레인은 증명사진, 주민등록번호, 가족관계, 혼인여부 등 영입과 관련없는 개인정보를 요구하지 않습니다.
보훈대상자 및 장애인 여부는 영입 과정에서 어떠한 불이익도 미치지 않습니다.
필요 시 지원자의 동의 하에 평판조회 절차가 진행될 수 있으며, 평판조회 결과에 따라 영입이 취소될 수 있습니다.
■필수 제출 서류
자유 양식의 상세 경력 기반 국문 or 영문 이력서 제출해 주시면 됩니다.
이력서는 반드시 PDF로 제출 부탁드립니다. (압축파일 or 노션 포함 웹페이지 PDF 변환본 제출 불가)
제출해 주신 내용 중 허위 사실이 있을 경우 영입이 취소될 수 있습니다.",catch,"자격요건
Data Engineering
업무 내용
- LLM Pre-training을 위한 대규모 데이터 수집 및 전처리 기술 개발
- 대량의 문서 파일을 텍스트 형식으로 변환하는 기술에 대한 연구 개발
- SFT, RM, RL 모델 학습에 필요한 데이터의 품질 향상을 위한 연구 개발
- LLM 모델의 연구 개발 효율을 높이기 위한 다양한 기술 개발

지원 자격
- 3년 이상의 AI/ML Engineering 혹은 Data Engineering 관련 경력을 보유하신 분
- 데이터 수집과 품질 향상의 중요성을 이해하고 모델의 성능을 개선하는데 관심 있으신 분
- Data Engineering을 포함한 MLOps/LLMOps에 관심 있으신 분","우대사항
- 사전학습을 위한 테라바이트 수준의 텍스트 데이터 수집 및 분산 처리 경험
- 오픈소스 모델을 기반으로 SFT, RM, RL 모델 학습을 위한 고품질 데이터 수집 및 학습 경험
- LLM 학습 데이터의 품질 향상과 평가를 위한 연구 개발 경험
- AI 관련 탑티어 학회에 언어모델 관련 논문 게제 경험
- MLOps/LLMOps 시스템 설계 및 운영 경험
Optimization
업무 내용
- 대규모 GPU/TPU 클러스터 기반의 분산학습 최적화 기술 개발
- LLM을 효율적으로 서빙하기 위한 추론 최적화 기술 개발
- Megatron-LM, DeepSpeed 등의 분산학습 프레임워크의 성능 개선을 위한 연구 개발

지원 자격
- 3년 이상의 AI/ML Engineering 관련 경력을 보유하신 분
- HPC를 구성하는 다양한 하드웨어를 이해하고 학습 및 추론 속도를 최적화 하는데 관심 있으신 분
- 효율적인 LLM 학습과 추론을 위한 다양한 연구 개발에 관심 있으신 분

우대사항
- 대규모 GPU/TPU 클러스터 환경에서 초거대 모델 학습을 위한 최적화 경험
- LLM 서빙 프레임워크의 성능 향상을 위한 다양한 추론 최적화 경험
- OpenAI Triton, Nvidia CUTLASS 등을 사용한 GPU 커널 개발 경험
- Data/Model/Pipeline/Sequence Parallel 관련 연구 개발 경험
- Quantization, Distillation 관련 연구 개발 경험",R
[Tech] 물류플랫폼실 Data Scientist 채용,우아한형제들,https://www.catch.co.kr/NCS/RecruitInfoDetails/386472,빅데이터/AIDBA/데이터베이스," [Tech] 물류플랫폼실 Data Scientist 채용
■모집부문
모집부문 상세 내용
물류플랫폼실 
Data Scientist 
[업무내용] 
- 우아한형제들 물류 서비스 전반에 걸쳐 비즈니스 가치를 창출하기 위해 제한없이 다양한 
  ML/DL 프로젝트 수행
- 빅데이터 분석을 통한 수요예측 데이터 제공
- 물류 데이터 최적화

[지원자격]
- 수학/통계/산업공학/ML/DS/OR 관련 전공자 또는 그에 해당하는 강한 수학적 백그라운드와 
  경험을 갖추신 분
- 7년 이상 실질적인 비즈니스 문제를 해결하기 위한 기법 또는 머신러닝을 적용한 경력을 
  보유한 분
- 통계적 접근법과 Operations Research 분야 및 머신러닝 알고리즘에 대한 수학적 기초에 
  대한 높은 이해력을 보유하신 분
- 빠르게 변화하는 비즈니스 및 데이터 프로덕션 환경에서 서비스를 개선하는데 도움이 되는 
  논문이나 기술들을 빠르게 학습하여 프로토타이핑할 수 있는 문제해결 능력을 갖추신 분
- 논리적인 사고에 기반해 도메인에서 데이터가 의미하는 바를 연결하여 명확한 의사소통 및 
  문서화할 수 있으신 분
- SQL/R/Python/Spark 언어를 활용한 데이터 정제, 분석, 모델링, 시각화할 수 있는 
  프로그래밍 경험을 보유하신 분
- 빠른 주기로 순환하는 디지털 프로덕트 개발과 운영을 경험해 보신 분

[우대사항]
- 학술적인 연구 자료를 습득하여 비즈니스 문제 해결에 적용하는 능력이 뛰어나신 분
- 확률론(Probability Theory)/확률 과정(Stochastic Process)에 대한 경험을 보유하신 분
- 시계열 예측 알고리즘(ARIMA/RNN/LSTM/GRU 등)을 활용한 수요예측 경험을 보유하신 분
- 베이지안 통계, 비모수 통계 에 대한 경험을 보유하신 분
- ML/DL/RS 프로덕트 서비스에 대한 대한 경험을 보유하신 분
- Linear and Non-linear Programming/Integer and Combinatorial Optimization 문제를 
  해결한 경험을 보유하신 분
- 딜리버리 운영 또는 물류/공급망 운영에 대한 지식을 보유하신 분
■전형방법
서류전형
면접전형
최종합격
■접수기간 및 방법
접수기간 : 채용시 마감
접수방법 : 홈페이지 지원
■꼭 읽어주세요
지원 시 경력기술서(PDF형식) 필수 첨부 부탁드립니다.
경력기술서는 자신의 기술력을 보여 줄 수 있는 프로젝트나 협력했던 활동사항 위주로 작성해주세요.
(진행기간, 주요업무내용, 본인이 기여한 기술력, 결과/성과/성취 등)
코딩테스트는 개별적으로 안내드리며, 심사는 평균 일주일 정도 소요됩니다.",catch,"지원자격]
- 수학/통계/산업공학/ML/DS/OR 관련 전공자 또는 그에 해당하는 강한 수학적 백그라운드와 
  경험을 갖추신 분
- 7년 이상 실질적인 비즈니스 문제를 해결하기 위한 기법 또는 머신러닝을 적용한 경력을 
  보유한 분
- 통계적 접근법과 Operations Research 분야 및 머신러닝 알고리즘에 대한 수학적 기초에 
  대한 높은 이해력을 보유하신 분
- 빠르게 변화하는 비즈니스 및 데이터 프로덕션 환경에서 서비스를 개선하는데 도움이 되는 
  논문이나 기술들을 빠르게 학습하여 프로토타이핑할 수 있는 문제해결 능력을 갖추신 분
- 논리적인 사고에 기반해 도메인에서 데이터가 의미하는 바를 연결하여 명확한 의사소통 및 
  문서화할 수 있으신 분
- SQL/R/Python/Spark 언어를 활용한 데이터 정제, 분석, 모델링, 시각화할 수 있는 
  프로그래밍 경험을 보유하신 분
- 빠른 주기로 순환하는 디지털 프로덕트 개발과 운영을 경험해 보신 분

[","우대사항]
- 학술적인 연구 자료를 습득하여 비즈니스 문제 해결에 적용하는 능력이 뛰어나신 분
- 확률론(Probability Theory)/확률 과정(Stochastic Process)에 대한 경험을 보유하신 분
- 시계열 예측 알고리즘(ARIMA/RNN/LSTM/GRU 등)을 활용한 수요예측 경험을 보유하신 분
- 베이지안 통계, 비모수 통계 에 대한 경험을 보유하신 분
- ML/DL/RS 프로덕트 서비스에 대한 대한 경험을 보유하신 분
- Linear and Non-linear Programming/Integer and Combinatorial Optimization 문제를 
  해결한 경험을 보유하신 분
- 딜리버리 운영 또는 물류/공급망 운영에 대한 지식을 보유하신 분","Python, R"
[Tech] 물류플랫폼실 데이터엔지니어 채용,우아한형제들,https://www.catch.co.kr/NCS/RecruitInfoDetails/386474,빅데이터/AIDBA/데이터베이스," [Tech] 물류플랫폼실 데이터엔지니어 채용
■모집부문
모집부문 상세 내용
물류플랫폼실
데이터엔지니어
[업무내용] 
- 데이터 실시간 수집 환경 구축
- 데이터 분석 환경 제공을 위한 도구 적용 및 관련 설계, 개발 및 운영
- 데이터 파이프라인 설계/개발 및 데이터 웨어하우스 구축/운영
- 비지니스 요구 사항에 따른 데이터 마트 기획 및 개발 

[지원자격]
- 데이터 엔지니어 관련 경력 7년 이상 또는 그에 준하는 역량을 보유하신 분
- DW/DM 구축 및 운영 경험이 있는 분
- 알고리즘, 데이터구조, OS, 데이터베이스 등 기본적인 전산 지식에 대한 이해
- SQL 전문 지식과 AWS 클라우드 서비스 내 개발 및 운영 경험을 보유하신 분
- Hadoop MR, Hive, Spark 등 분산 처리 기술 관련 개발 경험
- 기획/개발/데이터 직군을 포함한 다양한 이해관계자와 요구사항을 조율하고 원활한 
  커뮤니케이션이 가능하신 분 

[우대사항]
- 데이터 엔지니어링 업무를 총괄하고 관리한 경험을 가지신 분 
- Airflow 활용 경험을 가지신 분 
- 대용량/실시간 데이터 분산 처리 시스템 설계 및 운영 경험을 가지신 분
- AWS, GCP 클라우드 환경에서의 데이터 파이프라인 구축 및 운영 경험을 가지신 분
- Redash, Tableau 등 외부 분석/시각화 도구에 대한 지식을 가지신 분
- 시계열 예측모델(ARIMA/RNN/LSTM/GRU 등) 을 활용한 수요예측 경험을 가지신 분
- 물류/공급망 운영에 대한 지식을 보유하신 분 

[개발환경]
- 주요 기술 : Java, Scala, Spark, Python, Flink, Airflow, SpringFramework, NoSQL(Redis, 
  Elasticsearch, MongoDB 등), Kafka, AWS Services, SQL
- 업무 도구 : GitLab, Jira, Confluence, Jenkins
- 코드 리뷰 : GitLab MR로 온라인 코드 리뷰 진행
- 빌드, 배포 : Jenkins, GitLab CI, AWS CodeDeploy
- 테스트 : GitLab CI로 유닛 테스트 및 통합 테스트 
■전형방법
서류전형
면접전형
최종합격
■접수기간 및 방법
접수기간 : 채용시 마감
접수방법 : 홈페이지 지원
■꼭 읽어주세요
지원 시 경력기술서(PDF형식) 필수 첨부 부탁드립니다.
경력기술서는 자신의 기술력을 보여 줄 수 있는 프로젝트나 협력했던 활동사항 위주로 작성해주세요.
(진행기간, 주요업무내용, 본인이 기여한 기술력, 결과/성과/성취 등)
코딩테스트는 개별적으로 안내드리며, 심사는 평균 일주일 정도 소요됩니다.",catch,"지원자격]
- 데이터 엔지니어 관련 경력 7년 이상 또는 그에 준하는 역량을 보유하신 분
- DW/DM 구축 및 운영 경험이 있는 분
- 알고리즘, 데이터구조, OS, 데이터베이스 등 기본적인 전산 지식에 대한 이해
- SQL 전문 지식과 AWS 클라우드 서비스 내 개발 및 운영 경험을 보유하신 분
- Hadoop MR, Hive, Spark 등 분산 처리 기술 관련 개발 경험
- 기획/개발/데이터 직군을 포함한 다양한 이해관계자와 요구사항을 조율하고 원활한 
  커뮤니케이션이 가능하신 분 

[","우대사항]
- 데이터 엔지니어링 업무를 총괄하고 관리한 경험을 가지신 분 
- Airflow 활용 경험을 가지신 분 
- 대용량/실시간 데이터 분산 처리 시스템 설계 및 운영 경험을 가지신 분
- AWS, GCP 클라우드 환경에서의 데이터 파이프라인 구축 및 운영 경험을 가지신 분
- Redash, Tableau 등 외부 분석/시각화 도구에 대한 지식을 가지신 분
- 시계열 예측모델(ARIMA/RNN/LSTM/GRU 등) 을 활용한 수요예측 경험을 가지신 분
- 물류/공급망 운영에 대한 지식을 보유하신 분 

[개발환경]
- 주요 기술 : Java, Scala, Spark, Python, Flink, Airflow, SpringFramework, NoSQL(Redis, 
  Elasticsearch, MongoDB 등), Kafka, AWS Services, SQL
- 업무 도구 : GitLab, Jira, Confluence, Jenkins
- 코드 리뷰 : GitLab MR로 온라인 코드 리뷰 진행
- 빌드, 배포 : Jenkins, GitLab CI, AWS CodeDeploy
- 테스트 : GitLab CI로 유닛 테스트 및 통합 테스트","Python, Java(?:Script)?, Scala, Go, R, AWS, MongoDB, Redis, Elasticsearch, Git(?:Hub|Lab)?, JIRA, Confluence, Jenkins"
헬스케어 RWE Specailist(임상통계 분석가) 채용 오늘마감,카카오헬스케어,https://www.catch.co.kr/NCS/RecruitInfoDetails/387172,빅데이터/AIDBA/데이터베이스," [경력]헬스케어 RWE Specialist
(임상통계 분석가) 채용
■모집부문
모집부문 상세내용
헬스케어
RWE Specialist
(임상통계 분석가)
[담당업무]
헬스케어 빅데이터(EMR, CDW, CDM 등) 기반 연구 사업 수행 및 데이터 분석
RWE(Real World evidence) 프로젝트 연구 설계 및 데이터 분석 수행
임상 연구 적합성 검토(Feasibility Check) 및 분석 컨설팅 수행
[지원자격]
제약회사/CRO/병의원/헬스케어데이터 회사 및 기관에서 임상 연구 및 데이터 분석 경력이 3년 이상이신 분
관련 전공(수학/통계학, 의학/보건통계학, 생명/의료 정보학 등)의 석/박사 학위를 보유하신 분
EMR/CDW/임상 데이터 등 헬스케어 데이터에 대한 이해를 바탕으로 프로젝트 수행 경험이 있으신 분
R, Python 등의 하나 이상의 프로그래밍 언어로 데이터 가공 및 데이터 분석에 능숙하신 분
DB 구조의 이해 및 SQL을 통한 데이터 가공/전처리에 능숙하신 분
프로젝트 리드 경험이 있으며 데이터 분석 관련 컨설팅 경험이 있으신 분
[우대사항]
RWE 프로젝트 또는 다기관 연구 수행 경험이 있으신 분
병원 EMR 시스템 및 의료 데이터 구조를 잘 이해하고 있으신 분
분석 결과에 대한 시각화 및 문서화 작업이 능숙하신 분
대내외 커뮤니케이션이 원활하고 조직과 융화를 잘 이룰 수 있으신 분
RWE 연구, 헬스케어 분야 영어 커뮤니케이션에 어려움이 없으신 분
의료데이터 플랫폼(EMR, CDW 등) 분석 서비스 및 BM에 이해가 높으신 분
■전형방법
서류검토
1차 직무면접

온라인 인성검사 및
2차 컬처핏
면접
처우 및
입사일 협의

최종입사



 2차 컬처핏 면접은 최종 합격이 아니며, 연봉 및 근로조건 합의가 된 이후 최종 입사가 확정됩니다. 
 인성검사는 2차 컬처핏 면접의 참고자료로 1차 직무면접 합격 후 온라인으로 응시하시게 됩니다.(약 40분)
■접수기간 및 방법
접수기간 : ~2024.02.26
접수방법 : 본사 홈페이지 지원
■기타사항
입사 후 12주의 수습평가 기간이 적용됩니다. (수습 기간 급여는 100% 지급됩니다)
필요할 경우 별도 프로세스가 추가되거나 생략될 수 있으며, 이 경우 지원자 분들께 사전 안내합니다.
장애/보훈 대상자는 관계 법령에 의거하여 우대합니다.
입사 후라도 제출하신 자료에서 허위사실이 발견될 경우 채용이 취소됩니다.
원활한 채용 진행을 위해 복수의 포지션을 동시에 진행하는 것은 불가능합니다.

[혜택 및 복지]
가족들의 단체 상해보험 지원
(본인, 배우자, 양가 부모님, 자녀 숫자 제한 없이 모두)
현금처럼 활용할 수 있는 베네핏 카드(연 180만원) 지원
야근한 만큼 쉴 수 있는 보상휴가 제도 (비포괄임금)
1시간 단위로 쪼개서 사용할 수 있는 연차휴가
8시 ~ 10시까지 출근할 수 있는 시차출퇴근제
최상의 업무환경 제공 (최신 노트북과 허먼밀러 의자까지)
매년 정밀 건강검진 수검 지원
매월 식비(20만원) 지원
건강하고 맛있는 메뉴로 가득한 사내식당 및 사내카페 운영
출출함을 해소할 수 있는 사내 간식바 운영
카카오 공동체 직장 어린이집 지원
직무 관련 세미나 참석비, 교육비 및 도서 구매비 지원
각종 경조사 지원",catch,"지원자격]
제약회사/CRO/병의원/헬스케어데이터 회사 및 기관에서 임상 연구 및 데이터 분석 경력이 3년 이상이신 분
관련 전공(수학/통계학, 의학/보건통계학, 생명/의료 정보학 등)의 석/박사 학위를 보유하신 분
EMR/CDW/임상 데이터 등 헬스케어 데이터에 대한 이해를 바탕으로 프로젝트 수행 경험이 있으신 분
R, Python 등의 하나 이상의 프로그래밍 언어로 데이터 가공 및 데이터 분석에 능숙하신 분
DB 구조의 이해 및 SQL을 통한 데이터 가공/전처리에 능숙하신 분
프로젝트 리드 경험이 있으며 데이터 분석 관련 컨설팅 경험이 있으신 분
[","우대사항]
RWE 프로젝트 또는 다기관 연구 수행 경험이 있으신 분
병원 EMR 시스템 및 의료 데이터 구조를 잘 이해하고 있으신 분
분석 결과에 대한 시각화 및 문서화 작업이 능숙하신 분
대내외 커뮤니케이션이 원활하고 조직과 융화를 잘 이룰 수 있으신 분
RWE 연구, 헬스케어 분야 영어 커뮤니케이션에 어려움이 없으신 분
의료데이터 플랫폼(EMR, CDW 등) 분석 서비스 및 BM에 이해가 높으신 분","Python, R"
